{
    "test_loss": 0.6381475329399109,
    "test_accuracy": 0.6486486196517944,
    "calculated_accuracy": 0.6486486486486487,
    "classification_report": {
        "background": {
            "precision": 0.6470588235294118,
            "recall": 0.9565217391304348,
            "f1-score": 0.7719298245614035,
            "support": 23.0
        },
        "bus": {
            "precision": 0.6666666666666666,
            "recall": 0.14285714285714285,
            "f1-score": 0.23529411764705882,
            "support": 14.0
        },
        "accuracy": 0.6486486486486487,
        "macro avg": {
            "precision": 0.6568627450980392,
            "recall": 0.5496894409937888,
            "f1-score": 0.5036119711042312,
            "support": 37.0
        },
        "weighted avg": {
            "precision": 0.6544780074191838,
            "recall": 0.6486486486486487,
            "f1-score": 0.568878475999219,
            "support": 37.0
        }
    },
    "confusion_matrix": [
        [
            22,
            1
        ],
        [
            12,
            2
        ]
    ],
    "class_indices": {
        "background": 0,
        "bus": 1
    }
}