{
    "accuracy": [
        0.7160493731498718,
        0.7469135522842407,
        0.7469135522842407,
        0.7716049551963806,
        0.8148148059844971,
        0.8209876418113708,
        0.8333333134651184,
        0.8765432238578796,
        0.8209876418113708,
        0.8333333134651184,
        0.8209876418113708,
        0.8148148059844971,
        0.8333333134651184,
        0.8395061492919922
    ],
    "loss": [
        0.6194646954536438,
        0.5443234443664551,
        0.5579180717468262,
        0.4978189468383789,
        0.47460436820983887,
        0.43724581599235535,
        0.40293633937835693,
        0.398377925157547,
        0.4331558644771576,
        0.42424750328063965,
        0.4603622853755951,
        0.4288170337677002,
        0.3653362989425659,
        0.364993155002594
    ],
    "val_accuracy": [
        0.4000000059604645,
        0.6285714507102966,
        0.800000011920929,
        0.6285714507102966,
        0.6285714507102966,
        0.6285714507102966,
        0.6285714507102966,
        0.6285714507102966,
        0.6285714507102966,
        0.6285714507102966,
        0.6285714507102966,
        0.6285714507102966,
        0.6285714507102966,
        0.6285714507102966
    ],
    "val_loss": [
        0.6937407851219177,
        0.6856932044029236,
        0.676141083240509,
        0.6584417223930359,
        0.6468461751937866,
        0.643991231918335,
        0.6469857096672058,
        0.652595043182373,
        0.6538670659065247,
        0.6639216542243958,
        0.6930835843086243,
        0.7176525592803955,
        0.7798911929130554,
        0.7954040765762329
    ]
}