{
    "test_loss": 0.6475504636764526,
    "test_accuracy": 0.6216216087341309,
    "calculated_accuracy": 0.6216216216216216,
    "classification_report": {
        "background": {
            "precision": 0.6216216216216216,
            "recall": 1.0,
            "f1-score": 0.7666666666666667,
            "support": 23.0
        },
        "bus": {
            "precision": 0.0,
            "recall": 0.0,
            "f1-score": 0.0,
            "support": 14.0
        },
        "accuracy": 0.6216216216216216,
        "macro avg": {
            "precision": 0.3108108108108108,
            "recall": 0.5,
            "f1-score": 0.38333333333333336,
            "support": 37.0
        },
        "weighted avg": {
            "precision": 0.3864134404674945,
            "recall": 0.6216216216216216,
            "f1-score": 0.47657657657657654,
            "support": 37.0
        }
    },
    "confusion_matrix": [
        [
            23,
            0
        ],
        [
            14,
            0
        ]
    ],
    "class_indices": {
        "background": 0,
        "bus": 1
    }
}