{
    "accuracy": [
        0.6728395223617554,
        0.7160493731498718,
        0.7962962985038757,
        0.7654321193695068,
        0.790123462677002,
        0.8024691343307495,
        0.8518518805503845,
        0.8333333134651184,
        0.8641975522041321
    ],
    "loss": [
        6.899535179138184,
        4.023895740509033,
        3.224762439727783,
        4.17312479019165,
        2.0602164268493652,
        1.2352486848831177,
        1.1207733154296875,
        1.1917624473571777,
        0.5227471590042114
    ],
    "val_accuracy": [
        0.6285714507102966,
        0.6285714507102966,
        0.6285714507102966,
        0.6857143044471741,
        0.6571428775787354,
        0.6285714507102966,
        0.6285714507102966,
        0.6285714507102966,
        0.6285714507102966
    ],
    "val_loss": [
        0.7869263887405396,
        3.449690103530884,
        3.368248701095581,
        4.667254447937012,
        6.475245475769043,
        8.43487548828125,
        8.481571197509766,
        11.566834449768066,
        11.453059196472168
    ]
}